Feature,Coefficient,Abs_Coefficient
medical_specialty_1_Pediatrics-Pulmonology,1.1537774005736194,1.1537774005736194
medical_specialty_1_Pathology,0.9262079382924958,0.9262079382924958
medical_specialty_1_Cardiology-Pediatric,0.6993857789620332,0.6993857789620332
medical_specialty_1_Podiatry,0.6248324184443408,0.6248324184443408
rosiglitazone_Steady,0.5963225047257289,0.5963225047257289
glyburide-metformin_Steady,0.5383403817665322,0.5383403817665322
rosiglitazone_No,0.4857228476274146,0.4857228476274146
medical_specialty_1_InfectiousDiseases,0.46430027442549887,0.46430027442549887
age_[70-80),0.4518554135008845,0.4518554135008845
medical_specialty_1_Dentistry,0.43764653553579264,0.43764653553579264
medical_specialty_1_Resident,0.43212482845879746,0.43212482845879746
chlorpropamide_Up,0.4269531553345476,0.4269531553345476
medical_specialty_1_PhysicianNotFound,0.4229452092649396,0.4229452092649396
glyburide-metformin_No,0.4207119314349692,0.4207119314349692
age_[80-90),0.4115809974928816,0.4115809974928816
race_Caucasian,0.40878101652837306,0.40878101652837306
age_[60-70),0.40486038518786155,0.40486038518786155
glipizide-metformin_Steady,0.3897084622063273,0.3897084622063273
race_AfricanAmerican,0.3826447909666598,0.3826447909666598
number_inpatient,0.3576982620077358,0.3576982620077358
age_[10-20),0.34110167693845306,0.34110167693845306
age_[40-50),0.33031494491228497,0.33031494491228497
medical_specialty_1_Hematology,0.3258339664854061,0.3258339664854061
age_[50-60),0.3256457147641989,0.3256457147641989
medical_specialty_1_Pediatrics-InfectiousDiseases,0.3065753969152222,0.3065753969152222
medical_specialty_1_Surgery-PlasticwithinHeadandNeck,0.29344053122663283,0.29344053122663283
diabetesMed_Yes,0.28623681665725126,0.28623681665725126
medical_specialty_1_Hematology/Oncology,0.2801664568545853,0.2801664568545853
medical_specialty_1_Dermatology,0.2784754682483388,0.2784754682483388
race_Hispanic,0.268434072123933,0.268434072123933
repaglinide_Steady,0.26765990747738266,0.26765990747738266
medical_specialty_1_Radiology,0.26746069853129595,0.26746069853129595
medical_specialty_1_OutreachServices,0.2623314567594012,0.2623314567594012
age_[20-30),0.2583824038288087,0.2583824038288087
medical_specialty_1_Nephrology,0.25567905658883144,0.25567905658883144
medical_specialty_1_Gastroenterology,0.25198007559035374,0.25198007559035374
medical_specialty_1_SportsMedicine,0.24964514666170445,0.24964514666170445
troglitazone_Steady,0.2443101562843239,0.2443101562843239
age_[30-40),0.21397409942806614,0.21397409942806614
acarbose_Up,0.20967531445867268,0.20967531445867268
number_emergency,0.20930158052500275,0.20930158052500275
glimepiride-pioglitazone_Steady,0.20228897205096688,0.20228897205096688
medical_specialty_1_Osteopath,0.1910028591183896,0.1910028591183896
medical_specialty_1_Surgery-Colon&Rectal,0.1813551728497649,0.1813551728497649
miglitol_Up,0.17511963393470825,0.17511963393470825
medical_specialty_1_Surgery-Vascular,0.17154094755248392,0.17154094755248392
Diagnosis_Category (diag_1)_Diabetes,0.15474387044051743,0.15474387044051743
medical_specialty_1_Pediatrics-AllergyandImmunology,0.14979511061500322,0.14979511061500322
race_Other,0.14801203795024057,0.14801203795024057
medical_specialty_1_Emergency/Trauma,0.14575219909730552,0.14575219909730552
metformin_No,0.13221603382295471,0.13221603382295471
rosiglitazone_Up,0.1279134154862304,0.1279134154862304
medical_specialty_1_Pulmonology,0.12362748778215912,0.12362748778215912
medical_specialty_1_None,0.12317534482114226,0.12317534482114226
medical_specialty_1_Family/GeneralPractice,0.1039173142043522,0.1039173142043522
age_[90-100),0.08656103304420433,0.08656103304420433
glimepiride_Steady,0.0834844823256526,0.0834844823256526
Diagnosis_Category (diag_2)_Diabetes,0.0829760796929486,0.0829760796929486
number_diagnoses,0.07913520420467988,0.07913520420467988
Diagnosis_Category (diag_3)_Diabetes,0.07627225229713308,0.07627225229713308
number_outpatient,0.07304807185165418,0.07304807185165418
glipizide_Up,0.06496917251308411,0.06496917251308411
medical_specialty_1_Surgery-General,0.06437176892235642,0.06437176892235642
Diagnosis_Category (diag_3)_Digestive,0.060207367590346846,0.060207367590346846
glimepiride_No,0.058768297220263534,0.058768297220263534
medical_specialty_1_Surgery-Plastic,0.058043067975200986,0.058043067975200986
admission_type_id,0.05184583939059863,0.05184583939059863
medical_specialty_1_Surgery-Thoracic,0.04926554369450288,0.04926554369450288
pioglitazone_Up,0.04560345250143217,0.04560345250143217
repaglinide_No,0.04207497355816234,0.04207497355816234
medical_specialty_1_Pediatrics-EmergencyMedicine,0.036634409722570156,0.036634409722570156
medical_specialty_1_Radiologist,0.03228734508388798,0.03228734508388798
Diagnosis_Category (diag_3)_Genitourinary,0.031096336131761913,0.031096336131761913
medical_specialty_1_Oncology,0.02153865692233547,0.02153865692233547
time_in_hospital,0.020647225289237413,0.020647225289237413
metformin_Steady,0.017542432156122358,0.017542432156122358
medical_specialty_1_Urology,0.016322737574591392,0.016322737574591392
change_No,0.015787581104681425,0.015787581104681425
admission_source_id,0.00505284704452659,0.00505284704452659
medical_specialty_1_Psychology,0.0029707836755054184,0.0029707836755054184
num_lab_procedures,0.001552575283270388,0.001552575283270388
medical_specialty_1_Psychiatry,0.0012832630229529345,0.0012832630229529345
num_medications,0.0005321457612328629,0.0005321457612328629
medical_specialty_1_Speech,0.0,0.0
metformin-pioglitazone_Steady,0.0,0.0
acetohexamide_Steady,0.0,0.0
tolazamide_Up,0.0,0.0
Diagnosis_Category (diag_3)_Respiratory,-0.0007152370007892157,0.0007152370007892157
discharge_disposition_id,-0.012132152589757013,0.012132152589757013
medical_specialty_1_Cardiology,-0.015346900287880029,0.015346900287880029
A1Cresult_>8,-0.016341639869461026,0.016341639869461026
medical_specialty_1_Psychiatry-Child/Adolescent,-0.020128126140844384,0.020128126140844384
race_Asian,-0.02931358450163806,0.02931358450163806
Diagnosis_Category (diag_2)_Musculoskeletal,-0.030544745728869494,0.030544745728869494
medical_specialty_1_Pediatrics-CriticalCare,-0.037302093759062335,0.037302093759062335
acarbose_Steady,-0.040076161840528576,0.040076161840528576
glipizide_Steady,-0.043655885094017466,0.043655885094017466
medical_specialty_1_InternalMedicine,-0.046019014914411446,0.046019014914411446
Diagnosis_Category (diag_1)_Respiratory,-0.04641500601671276,0.04641500601671276
num_procedures,-0.05858245743530789,0.05858245743530789
Diagnosis_Category (diag_1)_Digestive,-0.06133349751725725,0.06133349751725725
medical_specialty_1_Surgery-Pediatric,-0.061359823589521786,0.061359823589521786
Diagnosis_Category (diag_1)_Injury,-0.06403591324529904,0.06403591324529904
insulin_No,-0.06412341680144855,0.06412341680144855
medical_specialty_1_Surgery-Maxillofacial,-0.06431783582296471,0.06431783582296471
Diagnosis_Category (diag_3)_Musculoskeletal,-0.06660170293452732,0.06660170293452732
Diagnosis_Category (diag_2)_Genitourinary,-0.06756104151757286,0.06756104151757286
insulin_Up,-0.06852163336475905,0.06852163336475905
Diagnosis_Category (diag_2)_Respiratory,-0.07009380001735646,0.07009380001735646
metformin_Up,-0.07092734587185084,0.07092734587185084
Diagnosis_Category (diag_1)_Musculoskeletal,-0.07592501691522109,0.07592501691522109
A1Cresult_>7,-0.07650219651885767,0.07650219651885767
gender_Male,-0.07832320013384374,0.07832320013384374
Diagnosis_Category (diag_3)_Other,-0.08332216039590462,0.08332216039590462
glimepiride_Up,-0.09510717383222914,0.09510717383222914
medical_specialty_1_Endocrinology,-0.09648292442656728,0.09648292442656728
max_glu_serum_>300,-0.09800898162429458,0.09800898162429458
Diagnosis_Category (diag_2)_Other,-0.10152793303852435,0.10152793303852435
Diagnosis_Category (diag_2)_Digestive,-0.10859266670186057,0.10859266670186057
medical_specialty_1_Pediatrics,-0.12047310396228839,0.12047310396228839
glipizide_No,-0.12938346467833384,0.12938346467833384
pioglitazone_Steady,-0.1371919799273907,0.1371919799273907
glyburide_No,-0.13774212064128527,0.13774212064128527
gender_Unknown/Invalid,-0.13853137238500488,0.13853137238500488
medical_specialty_1_Orthopedics,-0.13878818793351477,0.13878818793351477
medical_specialty_1_Proctology,-0.14058108506624936,0.14058108506624936
A1Cresult_Norm,-0.142292954531141,0.142292954531141
glyburide_Steady,-0.14632441209344538,0.14632441209344538
medical_specialty_1_Rheumatology,-0.1473521379377596,0.1473521379377596
Diagnosis_Category (diag_1)_Other,-0.15644058502119498,0.15644058502119498
max_glu_serum_Norm,-0.1564585589839289,0.1564585589839289
medical_specialty_1_Perinatology,-0.15943299328490287,0.15943299328490287
medical_specialty_1_Anesthesiology-Pediatric,-0.16203613077064735,0.16203613077064735
medical_specialty_1_Anesthesiology,-0.17169334470624129,0.17169334470624129
insulin_Steady,-0.1730000792621856,0.1730000792621856
medical_specialty_1_Pediatrics-Hematology-Oncology,-0.17655728089151204,0.17655728089151204
pioglitazone_No,-0.18420351963622814,0.18420351963622814
max_glu_serum_>200,-0.18773878956378165,0.18773878956378165
glyburide_Up,-0.18920128275683512,0.18920128275683512
Diagnosis_Category (diag_1)_Genitourinary,-0.18939028113995857,0.18939028113995857
medical_specialty_1_Neurophysiology,-0.1923466872747932,0.1923466872747932
Diagnosis_Category (diag_3)_Injury,-0.19551401303061086,0.19551401303061086
medical_specialty_1_Pediatrics-Neurology,-0.2002945828890295,0.2002945828890295
Diagnosis_Category (diag_2)_Injury,-0.2104238290354227,0.2104238290354227
medical_specialty_1_Ophthalmology,-0.21688714247733176,0.21688714247733176
medical_specialty_1_DCPTEAM,-0.23185673261176026,0.23185673261176026
nateglinide_Steady,-0.2475462017315042,0.2475462017315042
medical_specialty_1_Hospitalist,-0.25699658822867255,0.25699658822867255
medical_specialty_1_Psychiatry-Addictive,-0.26508476285435967,0.26508476285435967
nateglinide_No,-0.26718763802850853,0.26718763802850853
medical_specialty_1_Otolaryngology,-0.2805920390262542,0.2805920390262542
medical_specialty_1_Obsterics&Gynecology-GynecologicOnco,-0.2952681996453489,0.2952681996453489
medical_specialty_1_Surgery-Cardiovascular,-0.3075051236819664,0.3075051236819664
tolazamide_Steady,-0.33182841158483234,0.33182841158483234
repaglinide_Up,-0.3380173263223415,0.3380173263223415
metformin-rosiglitazone_Steady,-0.34405335668791315,0.34405335668791315
medical_specialty_1_SurgicalSpecialty,-0.36465726320860303,0.36465726320860303
medical_specialty_1_PhysicalMedicineandRehabilitation,-0.3837684874569374,0.3837684874569374
tolbutamide_Steady,-0.39375912930287754,0.39375912930287754
medical_specialty_1_Orthopedics-Reconstructive,-0.39489139644216864,0.39489139644216864
medical_specialty_1_Neurology,-0.40234607341463163,0.40234607341463163
chlorpropamide_No,-0.4106396206888705,0.4106396206888705
chlorpropamide_Steady,-0.41288845697557086,0.41288845697557086
acarbose_No,-0.4606674119924314,0.4606674119924314
miglitol_Steady,-0.4977736322874599,0.4977736322874599
nateglinide_Up,-0.5202545223599501,0.5202545223599501
medical_specialty_1_Surgery-Neuro,-0.5550957910385554,0.5550957910385554
glyburide-metformin_Up,-0.601326392637066,0.601326392637066
medical_specialty_1_Surgery-Cardiovascular/Thoracic,-0.6259802804054094,0.6259802804054094
medical_specialty_1_Obstetrics,-0.6382207088030575,0.6382207088030575
medical_specialty_1_Endocrinology-Metabolism,-0.6523579875992551,0.6523579875992551
medical_specialty_1_Surgeon,-0.6531796076175674,0.6531796076175674
medical_specialty_1_ObstetricsandGynecology,-0.6686061772372263,0.6686061772372263
medical_specialty_1_Pediatrics-Endocrinology,-0.686148062331287,0.686148062331287
miglitol_No,-0.7457361922581207,0.7457361922581207
medical_specialty_1_Gynecology,-0.8117609277811104,0.8117609277811104
